,wavelength,ABmag,emag,zp
0,9864.7,14.952188601376445,0.0033717950119148883,25.68
