,aperture_radius,aperture_sum,aperture_sum_err
0,5,17684.601640784902,54.92020192269812
