,wavelength,ABmag,emag,zp
0,9864.7,14.507161529322465,0.0027466462788252625,25.68
