,aperture_radius,aperture_sum,aperture_sum_err
0,5,26644.41014568916,67.40382208628125
