,wavelength,ABmag,emag,zp
0,9864.7,14.851237746972942,0.0032182863077131222,25.68
